district,avg_rainfall,state,groundwater_resource,future_groundwater,groundwater_stress,state_pop,population,availability_score,demand_score,scarcity_score,risk_level
agra,0.08094242796379279,uttarpradesh,0.3033164606594942,0.03172221097302341,0.3146255016257066,uttar pradesh,0.3966836523809706,0.1328885726752724,0.37206620715439137,2.6038905714311142,High
ahmedabad,0.08371272809093544,gujarat,0.19612248957699774,0.054962387320104875,0.21066815079527812,gujarat,0.6506270760897865,0.10881055430550496,0.518639398501434,4.365263688340552,High
aizawl,0.27045681893964646,mizoram,0.0035056304047503166,0.0042617312244566255,0.040130056533583286,mizoram,0.03163450754418984,0.11051293606462068,0.03418317224100787,0.28364732747593496,Low
ajmer,0.048041216991029506,rajasthan,0.12771297385363162,0.0,0.43668531591435006,rajasthan,0.2299201477024955,0.057530378952501286,0.2919496981660519,4.323235004669527,High
akola,0.09802047837083903,maharashtra,0.14038030106967206,0.04862831910637575,0.17519552418055595,maharashtra,0.1600490694375783,0.09591077740114995,0.1645930058604716,1.5540723040588738,High
aligarh,0.09039978095679588,uttarpradesh,0.31865957750375856,0.11116057227448811,0.20144116699376077,uttar pradesh,0.3290144125121252,0.16510595731619235,0.2907424388566159,1.660380053955654,High
alirajpur,0.10715441732610055,madhyapradesh,0.06421762033977041,0.03691041208690596,0.13157971821084388,madhya pradesh,0.06149350013453761,0.07320017665844313,0.08251936555742949,0.9918171916412086,Medium
alwar,0.06555410068938967,rajasthan,0.27633348989281414,0.0,0.5639005243270159,rajasthan,0.3290407568117729,0.10912168724360011,0.3994986870663458,3.353702388796622,High
ambala,0.14337082550552077,haryana,0.18137593880390931,0.02832774000972778,0.29426755323823184,haryana,0.09777150844007772,0.12025943384629945,0.15672032187952395,1.2031398974484044,Medium
amreli,0.0709678293848627,gujarat,0.4294767154907101,0.17391755719460922,0.17879844166495795,gujarat,0.13282214490927297,0.20940541355954084,0.14661503393597847,0.6682379963071924,Low
amritsar,0.07952976195317135,punjab,0.5539064359829433,0.0,0.43211576203169394,punjab,0.22152667214991473,0.19798383557615154,0.2847033991144485,1.3688727218909602,Medium
anand,0.10450421143091056,gujarat,0.23004831404716905,0.13414196660410496,0.1273616684730074,gujarat,0.1853794769184873,0.1510587687677464,0.16797413438484332,1.0429369084962343,Medium
anantapur,0.059906147577647825,andhra pradesh,0.6366080016388933,0.2247699261396775,0.26031811125106175,andhra pradesh,0.3660108026163342,0.28237583736463034,0.33430299520675244,1.1434015827711286,Medium
anantnag,0.1331920938415786,j&k,0.07719982884556463,0.0673571001159525,0.054395266410849755,jammu and kashmir,0.09326045591626655,0.09664391622508658,0.08160089906464152,0.7651716286601071,Low
anuppur,0.13590953081921614,madhyapradesh,0.122735259932077,0.11938938642632324,0.023082105509827464,madhya pradesh,0.06333196888029641,0.12700120623520653,0.05125700986915572,0.37413546404224074,Low
ariyalur,0.12408553528683004,tamilnadu,0.13570207504072507,0.08151864335267692,0.12660007615923138,tamil nadu,0.06384586440825162,0.11480042963275261,0.08267212793354553,0.6624346420667214,Low
arwal,0.07749385296453828,bihar,0.07470645816669891,0.04926778309163698,0.1126863704267846,bihar,0.05893574116598417,0.06818981356331608,0.07506092994422431,0.9599834879186907,Medium
ashoknagar,0.11398704717290585,madhyapradesh,0.14169834271737122,0.06647364706188583,0.16057881015846975,madhya pradesh,0.07203776064732123,0.10804641580293946,0.09860007550066578,0.8352653050073424,Medium
auraiya,0.06814005752595034,uttarpradesh,0.22608329144207323,0.11884125281974031,0.14578634406397373,uttar pradesh,0.12059066826767335,0.1307333862889242,0.12814937100656346,0.9105825873007426,Medium
azamgarh,0.11731769668480278,uttarpradesh,0.4362152110573218,0.1523717598902401,0.18987082222677873,uttar pradesh,0.41440846055359004,0.2235031699581897,0.3470471690555466,1.4862632019843145,Medium
bahraich,0.158049160018109,uttarpradesh,0.4100861422416794,0.19998466224709355,0.15334368317759745,uttar pradesh,0.3121033706713818,0.2462409053538755,0.2644754644232465,1.0321360052096242,Medium
baksa,0.2409087582039541,assam,0.3834012207323596,0.38388012006274935,0.013708661647968596,assam,0.08157657733768868,0.3265479055201143,0.061216202630772654,0.1818944691875789,Low
balaghat,0.19593550153574224,madhyapradesh,0.3204348174330511,0.2771037843011024,0.049767128504056936,madhya pradesh,0.14985582400699707,0.25763578113454294,0.11982921535611503,0.44773241772136513,Low
ballia,0.11087110337592203,uttarpradesh,0.2985130733640317,0.11010100368075802,0.1858871085854887,uttar pradesh,0.2895783585757145,0.16693266446380572,0.25847098357864673,1.460843786883235,Medium
balrampur,0.1367710646096124,chattisgarh,0.18286140162851353,0.13229712322170595,0.09124461759278242,uttar pradesh,0.19045938462986353,0.1492559832989108,0.1606949545187392,1.0090355865445102,Medium
balrampur,0.1367710646096124,uttarpradesh,0.3241058549253602,0.16322520633704193,0.14941855356044406,uttar pradesh,0.19045938462986353,0.20090774422256558,0.1781471353090377,0.8446685348881431,Medium
banaskantha,0.06449195802394835,gujarat,0.5026774260758177,0.04279274677892055,0.32880283546676814,gujarat,0.2787437657123308,0.18943783506600081,0.293761486638662,1.4729476307313816,Medium
banda,0.10593287193292068,uttarpradesh,0.21286230545110765,0.06546844539200027,0.19704736518351443,uttar pradesh,0.15873221782484387,0.12587237402610066,0.17022676203244502,1.2528430687443863,Medium
bengaluru urban,0.10281096408830041,karnataka,0.04438463078631236,0.0,0.42098479744573647,karnataka,0.8693143777921553,0.054439774871213875,0.7348155036882296,11.403135798608783,High
banka,0.12523009024688445,bihar,0.1669233012118452,0.11599116993382746,0.10102814962359762,bihar,0.18011225215237472,0.13496637744245557,0.15638702139374158,1.0787813295246302,Medium
bankura,0.18692816304621865,west bengal,0.5802918695996555,0.31941562783090127,0.13447962740560648,west bengal,0.322000015624895,0.3446835144476545,0.26574389915910845,0.7492423197986776,Low
banswara,0.11493695730555169,rajasthan,0.06664535328547785,0.029128980589532675,0.16239491490670493,rajasthan,0.15855734618063072,0.07470708308472385,0.15970861679845297,1.8854222218785737,High
baran,0.09767619016636979,rajasthan,0.1741123054061503,0.020652621007833376,0.34746184715428097,rajasthan,0.10634748639952821,0.09749995399074302,0.17868179462595402,1.6621569404703243,High
bareilly,0.12587637613621885,uttarpradesh,0.4571136898408147,0.16562453937557564,0.1958463926887138,uttar pradesh,0.39936913578160904,0.23717201921940465,0.33831231285374047,1.3687322453494797,Medium
bargarh,0.17850286138740012,odisha,0.22170351029517957,0.12023042798308323,0.1408067020123612,orissa,0.12983025005100804,0.17398132603843888,0.133123185639414,0.7235690083655599,Low
barmer,0.01378589611171203,rajasthan,0.09770922872642405,0.004206077957250421,0.36371891385219246,rajasthan,0.23180049480045287,0.036088950449787154,0.27137602051597476,5.888092869713591,High
barnala,0.043960724035383064,punjab,0.20678586982530547,0.0,0.6172119862913383,punjab,0.049368581642892304,0.07962005056174487,0.2197216030374261,2.45170139561622,High
vadodara,0.13170569051472444,gujarat,0.3467725243254339,0.15593190431179269,0.16936641377896244,gujarat,0.37368498794612026,0.20349360479705772,0.3123894156959729,1.4632261045614146,Medium
barpeta,0.26556494441236506,assam,0.49792600947866417,0.4139796088850309,0.06025366882451155,assam,0.14912218068301505,0.3797976632740545,0.12246162712546399,0.3141671658492346,Low
barwani,0.087699693935919,madhyapradesh,0.2530254768994922,0.11753292812004096,0.16110606637569935,madhya pradesh,0.12116624579376921,0.14624739908022755,0.13314819196834823,0.8521626135996114,Medium
bastar,0.2168047885880659,chattisgarh,0.10503461554217361,0.08180243339843743,0.07618852338967162,chhattisgarh,0.12364787882058205,0.14277303011740966,0.10941007219130891,0.7161609094695883,Low
basti,0.11321226316631287,uttarpradesh,0.2560675070957986,0.08987317865130076,0.19209701514397023,uttar pradesh,0.21914732767966497,0.14906711099065495,0.21103223391895654,1.3266867839911576,Medium
betul,0.14607362345714156,madhyapradesh,0.4288851486770185,0.18887080693681088,0.16860482146518643,madhya pradesh,0.1383791569715102,0.24375623606700542,0.14744685631961307,0.5810570751084088,Low
bhadrak,0.2158749393429246,odisha,0.15897440987991387,0.06439835904960714,0.17914994580977767,orissa,0.13210875944329592,0.15336180641602615,0.14622111535324045,0.8950752844937679,Medium
bhagalpur,0.16614698124307017,bihar,0.25200530467974747,0.19342056557339588,0.08023082105509825,bihar,0.2712274644956057,0.20008655357317107,0.21392847146345345,1.0182873098013114,Medium
bhandara,0.17180415151934114,maharashtra,0.30612586353631155,0.229768618609484,0.08368727847915872,maharashtra,0.10431070866711108,0.22949000525147512,0.09812367961072535,0.4097193096124873,Low
bharatpur,0.07284216690116217,rajasthan,0.14821399368417548,0.0,0.35085972055420483,rajasthan,0.22677790865141353,0.07360106486571752,0.2640024522222509,3.1578838456938243,High
bhilwara,0.06939386299498204,rajasthan,0.19399622264736294,0.0,0.40587011921848903,rajasthan,0.2140655122776246,0.08595641199220169,0.27160689435988394,2.8305236588249802,High
bhind,0.08843598272594928,madhyapradesh,0.25857619924004815,0.1710158314060883,0.1051583233252292,madhya pradesh,0.14997455504023685,0.16425200228422066,0.13652968552573455,0.7835186037233729,Low
bhiwani,0.030449445208023267,haryana,0.14513898277482457,0.013637471817730291,0.34248220510266847,haryana,0.14374639923387145,0.05981271446097576,0.20336714099451053,2.9130387289007316,High
bhopal,0.1443177536143484,madhyapradesh,0.13155240360163772,0.04037623727314578,0.20521983655057266,madhya pradesh,0.2106623738176179,0.10930569370817442,0.2090296126375043,1.752050603291386,High
bidar,0.11171284737188815,karnataka,0.12835525255979066,0.07842650091300112,0.1237880430006737,karnataka,0.15000135355194744,0.1067196649905928,0.1421373603865653,1.217767035212285,Medium
bijnor,0.1440054543926566,uttarpradesh,0.4888725699697337,0.16136946686969705,0.20126541492135092,uttar pradesh,0.32981600596071575,0.2526747928088919,0.2912508286489063,1.1087886490151524,Medium
bikaner,0.014648785367480207,rajasthan,0.08514753330341691,0.011564453823148671,0.4985207533905503,rajasthan,0.21001521247041038,0.034873110284961754,0.2965668747464524,6.609010894567749,High
birbhum,0.20462945643127656,west bengal,0.4177434941407444,0.2746786487280788,0.09932921292363571,west bengal,0.31343630139114254,0.2895784254331576,0.24920417485089047,0.8318495381987823,Medium
bokaro,0.17395608834381104,jharkhand,0.0869697806394151,0.051139564017374406,0.1426520987726647,jharkhand,0.18261650493991957,0.11101523873456126,0.17062718308974312,1.4099644381481766,Medium
budaun,0.10191689912897793,uttarpradesh,0.2644622314908696,0.05501062519616736,0.23656228946366323,uttar pradesh,0.3297417877096393,0.13660861665770227,0.3017879382358465,2.0584597625694303,High
bundi,0.07508248006788168,rajasthan,0.1688575822677272,0.04531507694300651,0.24704882978411785,rajasthan,0.09618685339506257,0.09428478979037277,0.14144544631177913,1.356338221480856,Medium
burhanpur,0.10867091198421151,madhyapradesh,0.1280003052783995,0.04328946448466512,0.1965786929904215,madhya pradesh,0.06411412205259522,0.09485529572260398,0.10385349333394309,0.990445857963043,Medium
buxar,0.11136611932974948,bihar,0.21157037503314707,0.10860888321485354,0.15073669410351795,bihar,0.15027860459513628,0.14060022520629997,0.15041603144765078,0.9987769357024741,Medium
cachar,0.4734431802470741,assam,0.20116285606357245,0.1928983101685594,0.02378511379946688,assam,0.15302795021181728,0.30759562196846923,0.11425509928811216,0.3597502338979199,Low
central delhi,0.08654348197366601,delhi,0.007021367222112946,0.0011062552910329154,0.23653299745159492,delhi,0.04816882589997124,0.037055679543410165,0.10467807736545834,2.2245577660586098,High
chandauli,0.07358143771501068,uttarpradesh,0.1893857203726828,0.09746877136654157,0.1473388207035941,uttar pradesh,0.17266253842406948,0.11548892260777158,0.16506542310792685,1.3153784388113337,Medium
chandrapur,0.1784849692444907,maharashtra,0.38657862650543745,0.32546098762719283,0.056387123231494765,maharashtra,0.19551403815054297,0.28500587193758536,0.15377596367482851,0.521264077439662,Low
chatra,0.14898109667992313,jharkhand,0.09769192913757521,0.07284793242248117,0.0881982483376783,jharkhand,0.09000775249148943,0.11075439713998617,0.08946490124534609,0.7408831758037987,Low
chennai,0.18281920531776172,tamilnadu,0.0044319676404896554,0.0,0.5032074753214797,tamil nadu,0.4173898176919959,0.07445727241925158,0.443135114980841,5.24685562637032,High
chhindwara,0.1537235989232183,madhyapradesh,0.40615474773548926,0.1885635222078858,0.16142827850845073,madhya pradesh,0.18521387120035715,0.23990492055229984,0.17807819339278524,0.7125837818608186,Low
chitradurga,0.055455883668539915,karnataka,0.16158326700325698,0.01502483096691555,0.33668238671314327,karnataka,0.14601845881486628,0.07516478285846774,0.20321763718434938,2.386169850536335,High
churu,0.03173171544986539,rajasthan,0.040083578953327405,0.006432776149922864,0.3227686809806965,rajasthan,0.1805468422541491,0.026647592710921236,0.2232133938721133,6.090806444855358,High
coimbatore,0.18439344280071676,tamilnadu,0.13000763303896337,0.006880688475180686,0.35665953894373,tamil nadu,0.3094066228115836,0.11482387357452993,0.3235824976512275,2.5923125791960193,High
cuddalore,0.15993325688508633,tamilnadu,0.5206805794923481,0.22787686152801248,0.18055596238905647,tamil nadu,0.23199698693885965,0.2885405350601427,0.21656467957391867,0.7254113064756532,Low
cuttack,0.21656134700726798,odisha,0.2438605071930144,0.1460404535313757,0.12355370690412723,orissa,0.2336826587466618,0.20359482702022424,0.20064397319390143,0.9393671934522245,Medium
damoh,0.15405839887008405,madhyapradesh,0.1361649199656641,0.057445408344403454,0.17021588212894342,madhya pradesh,0.11011417619467312,0.11970645804105387,0.1281446879749542,0.9879591957895778,Medium
darbhanga,0.1480729348807326,bihar,0.31491031421987725,0.21911516072179296,0.09982717712879696,bihar,0.352951024856846,0.21943681643479412,0.27701387053843124,1.2073645147406344,Medium
datia,0.09575685119972237,madhyapradesh,0.12344842739004701,0.07757070424121026,0.11737309235771402,madhya pradesh,0.06674010367299493,0.09860847996926612,0.08193000027841066,0.7543609882174495,Low
dausa,0.06335878897301808,rajasthan,0.08163798261761769,0.0,0.5166525088608336,rajasthan,0.14374312890701862,0.049834910374492544,0.25561594289316314,4.272020151669375,High
dehradun,0.2710464463764343,uttarakhand,0.1910414097129243,0.1467865326811421,0.08040657312750811,uttarakhand,0.14940124857445547,0.20976696126879366,0.12870284594037126,0.5856332780747546,Low
deoghar,0.16511736974655505,jharkhand,0.05904910741854205,0.036798916384352134,0.12349512287999061,jharkhand,0.13081298327027963,0.09480135503949028,0.12861762515319292,1.2272515475084116,Medium
deoria,0.14203460774187598,uttarpradesh,0.25987338067666144,0.09153452893652092,0.18954861009402732,uttar pradesh,0.2769668881223001,0.16223621598070512,0.25074140471381823,1.455799544167341,Medium
dewas,0.13035862902810422,madhyapradesh,0.2816889894303109,0.0530326452758359,0.24646298954275167,madhya pradesh,0.13732111539221123,0.15255994202308573,0.17006367763737334,1.046159807397212,Medium
dhalai,0.30991875340560665,tripura,0.06171968199399449,0.061427511222210816,0.014528837985881247,tripura,0.02962879791687447,0.16091165932710425,0.025098809937576502,0.14685253209987514,Low
dhamtari,0.13895471932378542,chattisgarh,0.13884725538426324,0.05275990264953439,0.18656082486305983,chhattisgarh,0.0679235077816519,0.11306403513965345,0.10351470290607429,0.841145041186123,Medium
dhar,0.10623839382775287,madhyapradesh,0.40567226543942453,0.15214827664796474,0.20149975101789738,madhya pradesh,0.1938321817240691,0.2098415201573179,0.1961324525122176,0.8921538223164842,Medium
dharmapuri,0.11322283579621388,tamilnadu,0.13290468476822273,0.011458670998465769,0.36852280383139513,tamil nadu,0.1321547257040605,0.0885981410484921,0.20306514914226087,2.0595231003634265,High
dhenkanal,0.14965855827281183,odisha,0.15299173730635474,0.1004861167230993,0.10928849702686075,orissa,0.10362730119728483,0.13590677951796096,0.10532565994615758,0.7218695409091125,Low
dhubri,0.40901438690945763,assam,0.4134910322132372,0.32602315750986927,0.0715310934708105,assam,0.17234477166487075,0.385460011680715,0.14210066820665268,0.3593300561609789,Low
dhule,0.07235419936726876,maharashtra,0.24224750935373665,0.10254396343273892,0.1567415565775213,maharashtra,0.1815747241524721,0.13237912158285017,0.17412477387998687,1.2229656423232247,Medium
dibrugarh,0.3459386191060976,assam,0.5346831040814118,0.5312502364601768,0.01613989864963824,assam,0.11575694349438422,0.4581554498049156,0.08587183004096041,0.18342589000457846,Low
dindigul,0.12909506420839464,tamilnadu,0.2056444925859753,0.038294895880341615,0.32361814933067745,tamil nadu,0.19146864383360798,0.12481984222325293,0.2311134954827288,1.7142394744834355,High
dindori,0.178434545932655,madhyapradesh,0.1294198066769148,0.12174521079233,0.029584932188992056,madhya pradesh,0.059270132086684746,0.14672332361383544,0.05036457211737694,0.32135977566092644,Low
diu,0.052323945380167367,diu,0.0,2.2700176970579663e-05,0.26641084976127005,daman and diu,0.0,0.02093638820515812,0.07992325492838101,2.5834707787593367,High
doda,0.14391165618891935,j&k,0.006330894235169173,0.005691653205461724,0.09092240546003102,jammu and kashmir,0.03250904745008073,0.06117142670775701,0.05003305485306581,0.702993563112213,Low
dumka,0.193881158218051,jharkhand,0.08599913343805879,0.0697354733244167,0.07079879316910277,jharkhand,0.1153124515696388,0.12427284531596304,0.10195835404947799,0.7593371080321977,Low
dungarpur,0.08458808762812534,rajasthan,0.04690824877125265,0.01641056327008459,0.19218489118017515,rajasthan,0.12140888587776573,0.052830878663651305,0.14264168746848854,2.270248172591753,High
durg,0.15410448469272955,chattisgarh,0.09897972347919981,0.01986375202447745,0.24154193151527575,chhattisgarh,0.29903487204028606,0.09729483652819501,0.28178698988278295,2.626286585643241,High
east godavari,0.16071156510164636,andhra pradesh,0.8666243779835722,0.732671025403314,0.06174756143999531,andhra pradesh,0.4634981559898671,0.5440732470567243,0.3429729776249056,0.6190029557406027,Low
east khasi hills,0.9999999999999998,meghalaya,0.032890798341498134,0.03438993577060594,0.006912914848120917,meghalaya,0.07029821928886017,0.4201842202336311,0.05128262795663839,0.11921085326836728,Low
east siang,0.5575942658392905,arunachal pradesh,0.2467541421635614,0.2605060202382671,0.0,arunachal pradesh,0.004282311328939104,0.3752157550562647,0.0029976179302573726,0.007781659734606493,Low
ernakulam,0.5006747506621447,kerala,0.17813372251294043,0.10117219173840679,0.12812326078678343,kerala,0.2934495171453244,0.28406167454026204,0.24385164023776212,0.8292533891708308,Medium
erode,0.09140228314587244,tamilnadu,0.22430100220006893,0.03372845261368324,0.28984445941591724,tamil nadu,0.19982332967601782,0.11396974970247463,0.22682966859798764,1.8297178879716636,High
etah,0.06764287282752786,uttarpradesh,0.20416197896362803,0.04012135211939446,0.23562494507747736,uttar pradesh,0.15646751647926788,0.10034214845591789,0.1802147450587307,1.6332357814360228,High
etawah,0.0746197241899061,uttarpradesh,0.28289657985689826,0.18102993880940293,0.1137115908491754,uttar pradesh,0.13896490884781482,0.1690258452758528,0.13138891344822298,0.7339103091275552,Low
faridabad,0.0648636266289305,haryana,0.05148515891290823,0.0,0.36840563578312185,haryana,0.15966998404988922,0.04139099832544467,0.22229067956985898,4.325478912905232,High
faridkot,0.025771734209506143,punjab,0.21606226183168697,0.0,0.4896159817217844,punjab,0.051365388713775,0.07512737223330854,0.1828405666161778,2.1478469476899487,High
farrukhabad,0.0905648766390965,uttarpradesh,0.18049646511135092,0.04529710596957147,0.2198951345967954,uttar pradesh,0.16652595176958296,0.10396402197991532,0.18253670661774668,1.6017046735145626,High
fatehabad,0.02667854054332473,haryana,0.2055952193287551,0.00046853165267276425,0.4725973227100969,haryana,0.0808440241226576,0.07249054151175825,0.19837001369888937,2.40476071636181,High
fatehgarh sahib,0.06333466168939779,punjab,0.1981921462096511,0.0,0.6076920823691379,punjab,0.04978972706760511,0.08479150853865444,0.21716043365806492,2.290927077814258,High
fatehpur,0.11249088449537377,uttarpradesh,0.5325855019590796,0.16580012524444307,0.20521983655057266,uttar pradesh,0.23443328960179594,0.2545120419592063,0.22566925368642893,0.8531530436759178,Medium
firozabad,0.07087619992572049,uttarpradesh,0.2525055900869975,0.03490946715420593,0.3260200943202788,uttar pradesh,0.22220799024425167,0.11457499714264922,0.2533516214670598,2.0337276923791547,High
gadag,0.07088433271795204,karnataka,0.09340515575941977,0.01285340770516647,0.26453616098889826,karnataka,0.09197757936583639,0.06023130212655668,0.14374515385275494,2.0467391248666646,High
gadchiroli,0.20450448252398495,maharashtra,0.36028807088328507,0.29220405552281686,0.06617065526230995,maharashtra,0.09273811204394157,0.2775494309314246,0.08476787500945208,0.2947940976091436,Low
gajapati,0.15498119969529142,odisha,0.07325555855391118,0.053516007710796114,0.09142036966519229,orissa,0.04775976251613134,0.10002394975752875,0.06085794466084962,0.5531336113179778,Low
ganganagar,0.008453766431628974,rajasthan,0.14566149509664555,0.09431181992161478,0.11248132634230644,rajasthan,0.17415344409930386,0.07537350107812968,0.15565180877220464,1.8231864314637827,High
ganjam,0.18181561875638763,odisha,0.30793681758561836,0.19115501224447545,0.11558627962154717,orissa,0.31585516231086386,0.2224537964515832,0.25577449750406883,1.1003240274346002,Medium
garhwa,0.09853962160828673,jharkhand,0.10140062290748256,0.08073147688259377,0.07425525059316324,jharkhand,0.11543436208731882,0.0940554785803376,0.10308062863907214,0.9906314405107194,Medium
gaya,0.13144950755943036,bihar,0.3863342023769204,0.14658661978928786,0.1923313512405167,bihar,0.3941964779669904,0.21245604967363463,0.3336369399490483,1.4997881174215186,Medium
ghazipur,0.11318135855583296,uttarpradesh,0.3262749572194835,0.11928579795208083,0.18720524912856262,uttar pradesh,0.3241433515072664,0.17894076997380248,0.2830619207936553,1.4981516209175136,Medium
giridih,0.17171740173553784,jharkhand,0.15487473101567037,0.12068170750125834,0.07779958405342861,jharkhand,0.21742223026480384,0.15135389224929374,0.17553543640139127,1.0878909331185322,Medium
goalpara,0.4239039029269918,assam,0.3001794086051033,0.26978392306879756,0.04218049737836491,assam,0.08685524824778613,0.340550560672967,0.07345282298695976,0.20953560264159674,Low
godda,0.14990254203975845,jharkhand,0.07068166026707759,0.06013889784284759,0.06072234101760449,jharkhand,0.11459561409198377,0.09920718424888092,0.09843363216966998,0.9013475885006043,Medium
golaghat,0.21423265749829887,assam,0.3711225048624973,0.36985330237634534,0.015729810480681915,assam,0.0921881520781928,0.30798580517097235,0.06925064959893952,0.21777905954545776,Low
gonda,0.15100480648020884,uttarpradesh,0.32335632596151465,0.12379265325419143,0.18093675854594451,uttar pradesh,0.3072149587657205,0.19454661635679538,0.26933149869978773,1.3167242924712408,Medium
gopalganj,0.14408569794267467,bihar,0.292767020322773,0.08710984827504382,0.214827616508978,bihar,0.22800882334184894,0.17159733975641492,0.22405446129198764,1.2337981470021666,Medium
gorakhpur,0.1836717930367033,uttarpradesh,0.3750959075179086,0.13668215424074115,0.18711737309235768,uttar pradesh,0.3986910880141249,0.22700213574227623,0.3352189735375947,1.4144133025962375,Medium
kalaburagi,0.09452039568745135,karnataka,0.181069221769184,0.11261065957936875,0.11848618881630976,karnataka,0.22840071750971153,0.12591212267954638,0.195426358901691,1.4378876221547012,Medium
gumla,0.16445834248272453,jharkhand,0.1577873559714818,0.14762462321489592,0.0346231582647412,jharkhand,0.08840229453399387,0.15740693074900314,0.07226855365321806,0.4316939169117907,Low
guna,0.13148447856602608,madhyapradesh,0.2984800207192249,0.13812603683058314,0.1617211986291338,madhya pradesh,0.10805205342914664,0.18357560869135284,0.12415279698914278,0.6413659129291364,Low
guntur,0.11630706170349463,andhra pradesh,0.4471060755041095,0.2990820578103894,0.1127156624388529,andhra pradesh,0.43929019735877506,0.2703792646757475,0.3413178368827984,1.2173433626681522,Medium
gurdaspur,0.14761532977117034,punjab,0.5598886410000472,0.0027922731018944357,0.3929523418963648,punjab,0.20405467841150052,0.2278504061390506,0.26072397745695974,1.096167888418643,Medium
gwalior,0.11087950726122799,madhyapradesh,0.26763291164416625,0.19380567407570173,0.08720231992735579,madhya pradesh,0.1798645248932738,0.18278337862045158,0.15206586340349842,0.7887913599796533,Low
hanumangarh,0.014079218818196852,rajasthan,0.06698091495691161,0.024080839567558604,0.1904566624681449,rajasthan,0.15648677507073447,0.0329502138846198,0.1666777412899576,3.880719703462148,High
harda,0.12930651680641514,madhyapradesh,0.1715860259460025,0.12474485001085067,0.09042444125486979,madhya pradesh,0.047091889098855984,0.14062186950962202,0.060091654745660125,0.39895703685859074,Low
hardoi,0.10952458407545058,uttarpradesh,0.6144998464077044,0.2504299035181945,0.17715808898913266,uttar pradesh,0.3670733863162621,0.3032887586079499,0.3100987971181232,0.9898178233269499,Medium
hassan,0.17113834692865101,karnataka,0.2551349837284959,0.1023529036099032,0.18538914438032747,karnataka,0.15664384160208228,0.17570170497298015,0.16526743243555583,0.8899618474671649,Medium
haveri,0.0963199115152205,karnataka,0.19895843527412785,0.08887686788406202,0.1662028764755851,karnataka,0.14040548782648085,0.12487855555354517,0.14814470442121214,1.0983562495403538,Medium
hazaribagh,0.1743695052822485,jharkhand,0.1120542564019898,0.07746238656343231,0.10275637833562785,jharkhand,0.1528351826123262,0.12660279500252603,0.1378115413293167,1.008848620753099,Medium
hingoli,0.11864849258695985,maharashtra,0.263963816309441,0.11106458835953084,0.1553648320103108,maharashtra,0.10222233244434949,0.15996791843547548,0.11816508231413786,0.6952199179811488,Low
hoshangabad,0.18689210766732542,madhyapradesh,0.6702529685429096,0.5463499401774669,0.06508685081578251,madhya pradesh,0.10803670106142092,0.4397377156830431,0.09515174598772941,0.21157163980169388,Low
hoshiarpur,0.10575096848000821,punjab,0.3075331725011059,0.039926962937269724,0.31374674126365737,punjab,0.13940231506437914,0.14653842802351597,0.1917056429241626,1.2246554749825622,Medium
hyderabad,0.1084860265074808,telangana,0.013393370459473843,0.0,1.0,andhra pradesh,0.3534904471027357,0.04741242174083447,0.547443312971915,9.535276450157944,High
idukki,0.4416057384981985,kerala,0.06542064309944756,0.029311981849543832,0.170743138346173,kerala,0.09601134585396139,0.20506208288397684,0.11843088360162486,0.5506823053765212,Low
imphal east,0.2616701502126725,manipur,0.011040986034843964,0.010053454376730322,0.002577697062011189,manipur,0.036703877535706975,0.11099639220854128,0.026466023393598236,0.2187339879356334,Low
indore,0.1233392160530475,madhyapradesh,0.19627660337786523,0.0118945143963009,0.34136910864407266,madhya pradesh,0.29293253297534155,0.11178702175346883,0.30746350567596087,2.5245999224642626,High
jabalpur,0.16802836717930367,madhyapradesh,0.23880985446442146,0.1430869713393619,0.1241395471454934,madhya pradesh,0.21904058784488553,0.1817803946128565,0.1905702756350679,0.9936900798424602,Medium
jaipur,0.06403869040357624,rajasthan,0.2573201268056266,0.0,0.6436626731890213,rajasthan,0.5972074679003794,0.10281151420311847,0.6111440294869719,5.417390536808147,High
jaisalmer,0.0,rajasthan,0.02037042771596981,0.0,0.8575529453118134,rajasthan,0.05612653039941411,0.006111128314790943,0.2965544548731339,18.406808578445737,High
jalaun,0.0980887938255841,uttarpradesh,0.3800112566014926,0.19809396450721398,0.14420457541228507,uttar pradesh,0.14879078756192957,0.2126670838628456,0.1474149239170362,0.6620418310585957,Low
jalgaon,0.09111384011472658,maharashtra,0.46937805532408516,0.07627649148486094,0.23591786519816044,maharashtra,0.3795253374931891,0.20014190008857446,0.3364430958046805,1.6010281417597836,High
jalna,0.08773168291869646,maharashtra,0.28704866101002485,0.12819001803604727,0.15961217376021558,maharashtra,0.17323393719918673,0.15966427688130022,0.16914740816749538,0.9969535796025791,Medium
jalpaiguri,0.5991606958417032,west bengal,0.9999999999999999,1.0,0.014382377925539704,west bengal,0.3470881463914578,0.8396642783366812,0.24727641585168234,0.29102837692053535,Low
jammu,0.17505753950503822,j&k,0.22825663771017607,0.16550691462523975,0.09209408594276339,jammu and kashmir,0.13425454807080694,0.18815208150264,0.12160640943239387,0.6137024073137162,Low
jamnagar,0.06254090116759785,gujarat,0.26936772592300956,0.10130286909050076,0.1850669322475761,gujarat,0.1914998936235349,0.13621753897109223,0.18957000521074724,1.2964929278985193,Medium
jamtara,0.18384854572120243,jharkhand,0.03665951916709925,0.027722628958948697,0.0904830252790064,jharkhand,0.06712963593813051,0.09285406272629536,0.07413565274039327,0.7207848749511766,Low
jamui,0.14232467733146817,bihar,0.13137412072861554,0.09513402033148917,0.09332435044963236,bihar,0.15518890952222889,0.12488231325061869,0.13662954180044992,1.0129537261611519,Medium
jaunpur,0.10237857063465598,uttarpradesh,0.5220295877637454,0.13359326549309777,0.22396672427429037,uttar pradesh,0.4035338061862593,0.23763828423091535,0.3496636816126686,1.4119936370041135,Medium
jhabua,0.1098089607104807,madhyapradesh,0.07843065323139596,0.03374369956588181,0.16737455695831743,madhya pradesh,0.08838730553591846,0.07757589012337561,0.11208348096263815,1.2798440393210577,Medium
jhajjar,0.038818630600444035,haryana,0.12180935428691185,0.04877522708500369,0.1805852544011248,haryana,0.08233329463446558,0.06670282665175227,0.11180888256446334,1.457689207101849,Medium
jhalawar,0.11568463200470615,rajasthan,0.18238931347211057,0.011754529971648992,0.29333020885204597,rajasthan,0.12345983502654508,0.10451700583501033,0.17442094717419532,1.5231008346960382,High
jhansi,0.10608251530998135,uttarpradesh,0.3038552295596097,0.15971492663756806,0.14517121181053924,uttar pradesh,0.1768273905135449,0.18150405298314587,0.16733053690264318,0.8737702116276871,Medium
jharsuguda,0.19763715276365834,odisha,0.07043396324337295,0.041665796493216126,0.12648290811095814,orissa,0.047913104508563446,0.11268478902644007,0.07148404558928184,0.582664290793834,Low
jind,0.0360334203542102,haryana,0.2815740784399325,0.026208564988639316,0.37944872433287435,haryana,0.11646705863350847,0.10674816117025561,0.19536155834331823,1.6733587611578697,High
jodhpur,0.020382403890727794,rajasthan,0.14129574064341308,0.01100576463427442,0.6400597557046193,rajasthan,0.33022043638151416,0.05384341313959736,0.4231722321784457,6.628283347777081,High
jorhat,0.28995274847713465,assam,0.30699756859853444,0.2993281277287504,0.021910425027095108,assam,0.09449264240047806,0.2978788082890393,0.07271797718846316,0.2361902645803244,Low
jalandhar,0.08512593628770564,punjab,0.42059537272323844,0.0,0.7002841325170625,punjab,0.19454048001494179,0.16022898633205376,0.346263575765578,2.0341046682269837,High
kaithal,0.040154035084865675,haryana,0.16383897513926798,0.0,0.66724274290401,haryana,0.09286183940987315,0.06521330657572666,0.2651761104581142,3.525654203104715,High
kalahandi,0.14169519921274568,odisha,0.2301981479081758,0.1560622411612321,0.10211195407012506,orissa,0.13851605648726564,0.17255619640592063,0.12759482576212347,0.6989345104365098,Low
kamrup,0.24070842042198345,assam,0.2855192119127343,0.20906238735037178,0.08822754034974661,assam,0.1331266486762353,0.24465784794772522,0.11965691617828869,0.4698732716961121,Low
kancheepuram,0.16745771625772277,tamilnadu,0.3302133650725042,0.11932745277682184,0.19505550836286945,tamil nadu,0.35848032998324686,0.20184533185788692,0.3094528834971336,1.460749126653993,Medium
kandhamal,0.2028199101597551,odisha,0.12531951639269118,0.098099079613758,0.07539763906382728,orissa,0.06186695329264684,0.1481535428658368,0.06592615902400097,0.41684908114848096,Low
kanker,0.19187778039834416,chattisgarh,0.2369312485926101,0.16757077688177655,0.09593133952371187,chhattisgarh,0.06330507952617324,0.19810171980165364,0.07309295752543483,0.3512366817299797,Low
kannauj,0.07003093171978733,uttarpradesh,0.23516007280789128,0.10126060892770719,0.1946161281818448,uttar pradesh,0.14576046636314402,0.12893857720859447,0.16041716490875424,1.1545905257681819,Medium
kannur,0.5197350336290957,kerala,0.14685124644616632,0.08252539620132211,0.13313219485046426,kerala,0.22446515166958364,0.2767070062458848,0.19706526462384782,0.687340247467972,Low
kanpur nagar,0.09267452294396233,uttarpradesh,0.30424096363529324,0.06851197161933074,0.23184627552066547,uttar pradesh,0.4114429099949728,0.14889568975397213,0.35756391965268053,2.250305972467337,High
kapurthala,0.05161368152527805,punjab,0.2507077276184412,0.0,0.6551451419197983,punjab,0.06932129998399357,0.09585779089564357,0.245068452564735,2.3150724239685645,High
karauli,0.06305977331197117,rajasthan,0.12740701210241115,0.000766811978066181,0.46337033890857954,rajasthan,0.12774023866482004,0.06367605654893166,0.2284292687379479,3.100454604084809,High
karbi anglong,0.1165903539662272,assam,0.10437679957534365,0.10563289001401054,0.013708661647968596,assam,0.08214325230735187,0.10963904846329714,0.061612875109536884,0.5149896785449483,Low
karimnagar,0.12527075420804223,telangana,0.117739347274644,0.0269532064605309,0.22027593075368346,andhra pradesh,0.3383148587118873,0.09351606780376936,0.30290318032442615,2.9261465079858495,High
karnal,0.07749791936065406,haryana,0.24972909599146229,0.009318422646422951,0.49743694894402285,haryana,0.13201673607935413,0.1087134233356272,0.2416427999387547,2.0355137030761967,High
karur,0.0693084686765507,tamilnadu,0.09889739757717281,0.01852580359383148,0.2995694074225958,tamil nadu,0.09197058450006787,0.06295034782192158,0.15425023137682625,2.114455050349658,High
katihar,0.179364124084722,bihar,0.3586865101942234,0.1374552466011025,0.18638507279064997,bihar,0.2742491556651963,0.22058817667248656,0.2478899308028324,1.0750331364774186,Medium
katni,0.11204520748108447,madhyapradesh,0.12574031720252773,0.0670939672312352,0.13603210404522686,madhya pradesh,0.11264168463983801,0.10266836832256268,0.11965881046145466,1.0620444073431397,Medium
kaushambi,0.0698886078557351,uttarpradesh,0.21120114929692638,0.06263111243881923,0.20823691379360848,uttar pradesh,0.14058063199793172,0.11010512166301772,0.16087751653663473,1.3394725746002178,Medium
khagaria,0.1409594526088642,bihar,0.24530140829083336,0.17567753974876654,0.09446673892029643,bihar,0.14669341794032273,0.18267746545542565,0.13102541423431485,0.6800245888880373,Low
kheda,0.10508191077242547,gujarat,0.23825410966838775,0.1255207420597051,0.1427692668209379,gujarat,0.20419657425994778,0.15116521982739803,0.1857683820282448,1.1526580128590762,Medium
khunti,0.18448940974904912,jharkhand,0.04717342521321204,0.03937932116785449,0.06748879580538386,jharkhand,0.04358718882158678,0.09976158781393961,0.0507576709167259,0.4624356473666075,Low
kishanganj,0.31522567142977187,bihar,0.2540225590235177,0.2106886658621724,0.06306570198306921,bihar,0.1488294864296879,0.2655036360376158,0.12310035109570229,0.4468193337342917,Low
kodagu,0.43017401464444777,karnataka,0.11117668890113408,0.07698969321164828,0.09798178036849349,karnataka,0.04564331598788308,0.2285195204916138,0.061344855302066195,0.25719008312455094,Low
kohima,0.20039986228471815,nagaland,0.06899212703264325,0.07328188413890208,0.002782741146489352,nagaland,0.0196141486694221,0.12284214826535086,0.014564726412542275,0.10963934717051833,Low
kokrajhar,0.3500025753842066,assam,0.7091579455698829,0.7227586904600841,0.009432027885995488,assam,0.07585959178690115,0.5695760209626728,0.05593132261662945,0.09650385901702387,Low
kolar,0.07656644355706642,karnataka,0.14068144339281408,0.0,0.6186472948826853,karnataka,0.13483984573504867,0.07283101044067078,0.2799820804793397,3.3801601476283087,High
kolhapur,0.28903238748959675,maharashtra,0.43756141398998694,0.26684065595642054,0.12285069861448782,maharashtra,0.3473747542031422,0.3269335759797609,0.28001753752654585,0.8310763826736165,Medium
kollam,0.3702529569477088,kerala,0.11821826894847165,0.05725101916227872,0.1446146635812414,kerala,0.2346732952558277,0.20074196921230866,0.2076557057534518,0.9853552499751596,Medium
koppal,0.06217031693491325,karnataka,0.196216288595122,0.0884164326278421,0.165529160198014,karnataka,0.12153315829817278,0.11025794314085452,0.13473195886812514,1.1203580848735926,Medium
koraput,0.18668797458231332,odisha,0.16970292433904333,0.13757627637798397,0.06523331087612406,orissa,0.12059993419375632,0.16685895004803353,0.10398994719846665,0.5879823846642975,Low
korba,0.19250156556250456,chattisgarh,0.12428402270756261,0.08294568997793239,0.10474823515627286,chhattisgarh,0.10488356092082957,0.13916954003065032,0.10484296319146255,0.7028443150653957,Low
kota,0.0921778804316886,rajasthan,0.18455201383938336,0.014088410833250856,0.30270365271390487,rajasthan,0.17250429094135816,0.0964632795744657,0.21156409947312216,1.987202538929338,High
kottayam,0.4611564288367125,kerala,0.13318144222392295,0.08688398151418655,0.10612495972348339,kerala,0.17464244880621263,0.25048219865611787,0.15408720208139384,0.5915459976780062,Low
kozhikode,0.5358474505051818,kerala,0.10857254330822592,0.04281128525677986,0.16968862591171388,kerala,0.27563577425079083,0.25975412877157444,0.24385162974906774,0.9039773769526221,Medium
krishna,0.13738373495772302,andhra pradesh,0.5544348467092783,0.37375867865599216,0.10773602038724037,andhra pradesh,0.4056408051035994,0.33341155159267033,0.3162693696886917,0.9209631074490682,Medium
krishnagiri,0.10067366628984727,tamilnadu,0.1337089538032283,0.020130176434855485,0.34482556606813314,tamil nadu,0.16603585695372328,0.08642120558736405,0.21967276968804622,2.27826201041438,High
kulgam,0.12596149936157583,j&k,0.018006570175242678,0.013634255959326125,0.09827470048917658,jammu and kashmir,0.03383053202585666,0.059876847585000975,0.05316378256485263,0.7608211360734626,Low
kupwara,0.12657227205816568,j&k,0.05541360421684133,0.04643983287827045,0.06555552300887546,jammu and kashmir,0.07433452936453734,0.0811849399517998,0.07170082745783878,0.7863231307246538,Low
kurnool,0.08000092171645289,andhra pradesh,0.5516296158746782,0.3566916262679184,0.12220627434898501,andhra pradesh,0.3634958304241051,0.3044967413293601,0.29110896360156907,0.9256342764350046,Medium
kachchh,0.03572464534248543,gujarat,0.2997274253762814,0.05257614471695755,0.24540847710829256,gujarat,0.18534550185618304,0.11998092916496585,0.20336439443181586,1.5645710162120405,High
lakhimpur,0.4346717198415731,assam,0.40690647061808705,0.40752840775813354,0.013942997744515068,assam,0.08993971152446832,0.4181991514494954,0.06714069739048234,0.15679782914843388,Low
lalitpur,0.10658186875299892,uttarpradesh,0.1424096759154009,0.02381827418726556,0.22918070242244937,uttar pradesh,0.10624183667369969,0.09250113253199951,0.14312349639832458,1.3963113661563038,Medium
latehar,0.16948522136104988,jharkhand,0.07667630947907055,0.058310512088752244,0.08503471103430094,jharkhand,0.06130990761871695,0.10829013501476678,0.06842734864339214,0.5784704585454231,Low
latur,0.10369906499998642,maharashtra,0.2337387731153168,0.10222260459409208,0.16280500307566126,maharashtra,0.21821455778731141,0.14226803931281723,0.20159169137381636,1.3239264935937693,Medium
lohardaga,0.15225183462238084,jharkhand,0.0630839757648945,0.05862903340527776,0.03998359647324174,jharkhand,0.03721958991191375,0.09741463660000402,0.03804879188031215,0.35422353121204647,Low
lohit,0.28519696267319444,arunachal pradesh,0.2846463199764323,0.2985109591914379,0.0005272562172295615,arunachal pradesh,0.008507573622779062,0.2890259688196388,0.006113478401114212,0.0204446403944322,Low
lucknow,0.10987510742063071,uttarpradesh,0.2702902867412247,0.1114512102069681,0.19113037874571603,uttar pradesh,0.41222142947076845,0.15847249205271013,0.34589411425325267,2.0531192364925217,High
ludhiana,0.07827649867028846,punjab,0.6958284145495082,0.0,0.5356044406690295,punjab,0.3131033639490432,0.24005912383296785,0.3798536869650391,1.5190554983259485,High
madhepura,0.15558112866890586,bihar,0.21596900230178045,0.09547240430286394,0.1704209262134216,bihar,0.17711436169487962,0.15566487344895566,0.1751063310504422,1.0569913066356558,Medium
madhubani,0.15495436148092726,bihar,0.3794179634255042,0.25359570803213977,0.10729664020621574,bihar,0.40291380672041266,0.2518858460296641,0.3142286567661535,1.199868803641112,Medium
madurai,0.10989977689039977,tamilnadu,0.21360899311033985,0.07506967440984837,0.20390169600749875,tamil nadu,0.2712716139081187,0.13056351101221636,0.2510606385379327,1.7861010779398718,High
mahasamund,0.1297790320350686,chattisgarh,0.21474637813685876,0.09076329042394547,0.17396525967368695,chhattisgarh,0.08908733716724652,0.1435645133822687,0.11455071391917865,0.745945214790784,Low
mahendragarh,0.04498247383274098,haryana,0.09929460476895356,0.023169313961304974,0.2745540291162599,haryana,0.07903417073686096,0.05473216515217395,0.13769012825068064,2.127074352093667,High
mahoba,0.06931253507266649,uttarpradesh,0.07667256902742754,0.01110333756161963,0.256832361814933,uttar pradesh,0.07484361024462591,0.05405778600578075,0.12944023571571803,2.0206791989975583,High
mainpuri,0.09266937217554902,uttarpradesh,0.30869997761843215,0.10494515031905856,0.2040774480799086,uttar pradesh,0.1650111545398405,0.16116128725146683,0.17673104260186093,1.0325409760573436,Medium
malappuram,0.36905662321044674,kerala,0.16770588282049764,0.04328462178024473,0.1966372770145581,kerala,0.3688970477487706,0.2109198006644014,0.3172191165285068,1.4359016963372757,Medium
malkangiri,0.10856898098824268,odisha,0.10715976752949176,0.09476502895483241,0.046750051261021115,orissa,0.050973312861087236,0.10400503134059433,0.0497063343810674,0.4360012343013867,Low
mandla,0.18874828194764104,madhyapradesh,0.17798047189322133,0.15238946602827713,0.05178827733677026,madhya pradesh,0.09109958744826752,0.17461029415550594,0.07930619441481834,0.4295870648904064,Low
mandsaur,0.100616465651152,madhyapradesh,0.20839958698220687,0.0064158645180797825,0.30208852046047036,madhya pradesh,0.11703564129383578,0.10469122171054679,0.17255150504382616,1.5044874618155597,High
mandya,0.08103785272597638,karnataka,0.29580293631927834,0.12059022578806691,0.1733794194323208,karnataka,0.159309884726429,0.15733308972259413,0.16353074513819654,0.9772767921114637,Medium
mansa,0.02321668198342537,punjab,0.36818423623340263,0.000551500799500233,0.4140425905855472,punjab,0.0651955101319268,0.119907393903241,0.16984963426801292,1.3074670283549998,Medium
mathura,0.06290497916649722,uttarpradesh,0.3766657462997673,0.09981135396264883,0.22695450950525786,uttar pradesh,0.2266618120481385,0.16810512174532372,0.2267496212852743,1.2731224069429534,Medium
mayurbhanj,0.2192386622098965,odisha,0.5075834959620567,0.324281410764545,0.11353583877676555,orissa,0.22416855119251564,0.3372549369019391,0.1909787374677906,0.549966946968765,Low
meerut,0.10317775301794364,uttarpradesh,0.2571716596481048,0.057450629385106686,0.24581856527724888,uttar pradesh,0.3081024891366101,0.1356577879171409,0.2894173119788017,1.9869676459966568,High
mahesana,0.08432566953212045,gujarat,0.39119639388811644,0.0034076748995668506,0.3361258384838454,gujarat,0.18013959571856078,0.15211148844915318,0.22693546854814617,1.399872832697636,Medium
mewat,0.05635455721012694,haryana,0.06594703973643627,0.010389114326868626,0.292099944345177,haryana,0.09422075105963133,0.045442669103042246,0.15358450904529503,2.7701499861028074,High
mirzapur,0.11957915511132435,uttarpradesh,0.17850435091852726,0.06923728010716905,0.17991153812355368,uttar pradesh,0.22210025114293383,0.12215415135223863,0.20944363723711978,1.5848434203090354,High
moga,0.029606345746685202,punjab,0.38576755991888834,0.0,0.6719001728228711,punjab,0.08572544116255033,0.12757280627434056,0.26157786066064653,1.901377661360062,High
moradabad,0.11834107304060702,uttarpradesh,0.23447290868201626,0.032146515114231826,0.26143120770965755,uttar pradesh,0.42877001008532467,0.12732225635511724,0.3785683693726245,2.756788152341755,High
morena,0.08543389802020725,madhyapradesh,0.2434529058615719,0.14483076110061352,0.10389876680629191,madhya pradesh,0.1738629300638786,0.15065865929673852,0.15287368108660257,0.9515433637737695,Medium
munger,0.15018827414016053,bihar,0.12146257126054912,0.08697391204861833,0.09654647177714634,bihar,0.11952054464750146,0.12260625464881446,0.11262832278639491,0.8493439701217128,Medium
murshidabad,0.18698400821954206,west bengal,0.810319790992194,0.08404944824949856,0.2545768768856732,west bengal,0.6405964385777204,0.3431043750603246,0.5247905700701062,1.4862193932897336,Medium
muzaffarnagar,0.09389145975487763,uttarpradesh,0.3851455300038351,0.11659427580230748,0.20923284220393096,uttar pradesh,0.3716760988343647,0.18807852564379385,0.32294312184523455,1.630379269007614,High
muzaffarpur,0.15878490662199055,bihar,0.3945154333012914,0.1376767624947071,0.1976039134128123,bihar,0.43140952722519854,0.22317162138759578,0.36126784308148263,1.5493645450144873,High
nadia,0.16881372381579768,west bengal,0.7348319380909217,0.05642605689753957,0.2692228829198277,west bengal,0.46470672344680825,0.3049028880228575,0.40606157128871406,1.2894818902367124,Medium
nagapattinam,0.19279163515209674,tamilnadu,0.03923647455383336,0.0028526934062644616,0.39787339992384063,tamil nadu,0.1421116900195257,0.08974340444886805,0.21884020299082016,2.194031817943464,High
nagpur,0.1489699818638733,maharashtra,0.3207456345782312,0.16382233449225303,0.1499751017897419,maharashtra,0.41801099810920606,0.20495838346669457,0.3376002292133668,1.5705376257896646,High
nainital,0.20224519284205847,uttarakhand,0.05129928723895649,0.024071040657832967,0.16576349629456047,uttarakhand,0.0819880934666682,0.10350917550586024,0.10712071431503588,0.9437185481935376,Medium
nalbari,0.2562545238656787,assam,0.1204459596630414,0.0947563650539553,0.07501684290693926,assam,0.06536702060687456,0.16706250696137048,0.06826196729689396,0.38552468542528084,Low
nalgonda,0.0906104202755932,telangana,0.26938445005775946,0.07245139816443343,0.217200269486511,andhra pradesh,0.31220129879214115,0.13879492257689513,0.28370099000045207,1.9066577346000457,High
namakkal,0.08941164670066173,tamilnadu,0.1264539881828343,0.012650241121279781,0.39573508304285415,tamil nadu,0.15211807260743343,0.07749592747149892,0.22520317573805965,2.5738703759831307,High
nanded,0.12847507434727565,maharashtra,0.4083536297792318,0.26376864100699193,0.09789390433228856,maharashtra,0.3006173468673993,0.25302671097477736,0.23980031410686609,0.9116956723450853,Medium
nandurbar,0.11828360130883735,maharashtra,0.16903572127722472,0.0678799986924698,0.1273323764609391,maharashtra,0.14500456664808034,0.11838815651444329,0.13970290959193796,1.0881292588403337,Medium
narayanpur,0.1707441775984949,chattisgarh,0.08930396632816658,0.09166112025676018,0.011189548610094026,chhattisgarh,0.007971058334091868,0.12258719701487598,0.008936605416892516,0.06740172217299269,Low
narmada,0.14736890616655418,gujarat,0.08449780965985304,0.07196039333655979,0.056474999267699694,gujarat,0.04889347582510801,0.10588502336554552,0.05116793285788551,0.4415405146572077,Low
navsari,0.26606917753072157,gujarat,0.20428847096774727,0.13700286990770713,0.1048946952166144,gujarat,0.11606008462515786,0.20881507327492493,0.11271046780259483,0.5150946235819068,Low
neemuch,0.09746663521987002,madhyapradesh,0.14551234458738127,0.017927464762515288,0.2558657254166788,madhya pradesh,0.070311391438684,0.08801859689291698,0.12597769163208244,1.285242756226251,Medium
new delhi,0.0844308536449819,delhi,0.01004393987669961,0.0,0.46670962828436674,delhi,0.008169458163162785,0.03678552342100264,0.14573150919952396,3.114884659687341,High
nizamabad,0.14305256223619253,telangana,0.26783072399067065,0.06937174082209145,0.2207153109347081,andhra pradesh,0.22703889890275086,0.15838176433830564,0.225141822512338,1.3370914801676053,Medium
north goa,0.5219438999991867,goa,0.03308379125992403,0.017889101463435007,0.08670435572219454,goa,0.06957929243571583,0.22406942781668238,0.07471681142165944,0.3192079039052288,Low
north tripura,0.3692716000184342,tripura,0.037386029966988005,0.035740028795931154,0.02524971440288233,tripura,0.0583092918888445,0.16964645763624944,0.04839141864305584,0.26937029140334867,Low
osmanabad,0.09329071750203996,maharashtra,0.2896670850577625,0.0993839096302928,0.18339728755968246,maharashtra,0.14584767507921914,0.15403158540723255,0.15711255882335812,0.9578189373302896,Medium
pakur,0.20152760947416073,jharkhand,0.04646734303383502,0.04041244405541386,0.058173935967661614,jharkhand,0.07706597902594042,0.10667497991643897,0.07139836610845678,0.6119423903873077,Low
pali,0.04752180266050743,rajasthan,0.1623243080191435,0.0038675804849907943,0.3674097073727994,rajasthan,0.18036751933171963,0.06886628761544326,0.23648017574404356,2.99849508445402,High
palwal,0.048630302241668616,haryana,0.16708309762193954,0.0,0.3130437329740179,haryana,0.0899915825420505,0.0695770501832493,0.15690722767164073,1.9717648154878347,High
panchkula,0.13451963662684308,haryana,0.0424361432073632,0.01478916529633265,0.19900992999209113,haryana,0.0462586824906882,0.07097544720184598,0.09208405674110907,1.1371849112678918,Medium
panipat,0.06265503135191403,haryana,0.10587276443725319,0.0,0.549781774510091,haryana,0.10477427749849792,0.05682384187194156,0.23827652660197585,3.565741207436099,High
panna,0.15427147802655083,madhyapradesh,0.16019703404483557,0.10465409621666744,0.10665221594071295,madhya pradesh,0.08761260144145107,0.14116393028907123,0.09332448579122962,0.6173727132707183,Low
parbhani,0.11463170650379394,maharashtra,0.2851738675216189,0.12989472565928123,0.1384340490348282,maharashtra,0.16206395414856406,0.1703732605557876,0.1549749826144433,0.8591904483897219,Medium
patan,0.05486978044171904,gujarat,0.13607716321557853,0.002311823856312117,0.29499985353993957,gujarat,0.11733751063083334,0.06346460829825482,0.1706362135035652,2.3226995618190585,High
pathanamthitta,0.40925376209413966,kerala,0.09048738768259923,0.06104342422786861,0.10791177245965024,kerala,0.1040452671375574,0.20916074841079624,0.10520521873418526,0.4800367743633908,Low
patiala,0.08437934596084871,punjab,0.4919019042099827,0.0,0.6348457775564602,punjab,0.16747816193822826,0.18132230964733428,0.3076884466236979,1.608220427564679,High
patna,0.13413224462354656,bihar,0.3335147092721373,0.14154067311775428,0.17566419637364888,bihar,0.5256497185611216,0.1961695125663861,0.42065406190487975,2.0403310686851923,High
pilibhit,0.11912019453639015,uttarpradesh,0.4549170017158244,0.23976532254378788,0.14479041565365125,uttar pradesh,0.1797710480507308,0.25605277509243973,0.1692768583316069,0.6362529324221176,Low
porbandar,0.08361892988719816,gujarat,0.07278958459730926,0.020480705000909517,0.20867629397463308,gujarat,0.04845307180892861,0.06142865883434489,0.09652003845863995,1.351278884886894,Medium
prakasam,0.1018605117695058,andhra pradesh,0.5416721020104603,0.3591982933098946,0.1250768915316793,andhra pradesh,0.30390184513657886,0.3110053233039088,0.25025435905510895,0.7795956667615227,Low
puducherry,0.09878496084060538,puducherry,0.04774298090761988,0.0,0.29848560297606835,puducherry,0.08159601761398043,0.05383687860852812,0.14666289322260678,2.297463416436745,High
pune,0.14910661277336348,maharashtra,0.6292396355951305,0.19785126178177018,0.21093177890389286,maharashtra,0.8518596441121309,0.30776991432241557,0.6595812845496595,2.075656803307173,High
puri,0.19501215852438616,odisha,0.21829052800035564,0.1169390536568623,0.14215413456750342,orissa,0.1495862037264648,0.17857373790691983,0.14735658297877638,0.7814268551621526,Low
raichur,0.07495479522984624,karnataka,0.25010170252051417,0.14184107212633162,0.1283575968833299,karnataka,0.17048740769729567,0.1475647504859922,0.15784846445310594,1.0018006182616266,Medium
raigarh,0.19642889093112334,chattisgarh,0.14653481862352172,0.0769065348966794,0.14411669937608013,maharashtra,0.23456655542104826,0.14560396242850968,0.20743159860755783,1.3330740128347291,Medium
raigarh,0.19642889093112334,chattisgarh,0.14653481862352172,0.0769065348966794,0.14411669937608013,chhattisgarh,0.13098658312071668,0.14560396242850968,0.13492561799732572,0.8671091397130432,Medium
raipur,0.16214429199977226,chattisgarh,0.13770382808970566,0.05166965098326573,0.1832215354872726,chhattisgarh,0.3644414090966322,0.12166976052180034,0.3100754470138243,2.354948059334289,High
rajgarh,0.12424629347994044,madhyapradesh,0.3024270603837294,0.05045409434011948,0.2442367966255602,madhya pradesh,0.13569494536464782,0.15556286380913084,0.1682575007429215,1.0162756120049794,Medium
rajkot,0.07014018222876459,gujarat,0.5333814628755319,0.19589367418708398,0.18872843375611467,gujarat,0.34088469972131363,0.24683861401029059,0.2952378199317539,1.1495071372715195,Medium
rajnandgaon,0.15915088227241064,chattisgarh,0.22845376670493797,0.09851532519214186,0.1688977415858695,chhattisgarh,0.13490634238105595,0.1617510804780882,0.1451037621425,0.8448491953505478,Medium
ramanathapuram,0.10345074374384954,tamilnadu,0.1976084918898197,0.18142840258249318,0.03752306745950379,tamil nadu,0.1182196812993808,0.15509136583923366,0.0940106971474177,0.5694464799507778,Low
ramgarh,0.1590622348370866,jharkhand,0.03566459499594467,0.011528701044420008,0.20633293300916838,jharkhand,0.08151916493293923,0.07778288274694405,0.11896329535580796,1.3551992328475837,Medium
ramanagara,0.10691937963060856,karnataka,0.1052568127561198,0.0052389738430400805,0.2825800404229766,karnataka,0.0936187383914752,0.0759164878319914,0.1503071290009256,1.7494561613697397,High
rampur,0.08037421687988133,uttarpradesh,0.2551822069304887,0.07212364544260653,0.21986584258472713,uttar pradesh,0.2074609055135349,0.1303414424638811,0.21118238663489258,1.5047756594723858,High
ratlam,0.1239402293989595,madhyapradesh,0.28937705619190596,0.010457858029461198,0.37066112071238166,madhya pradesh,0.12745145063523375,0.13952656602599395,0.20041435165837812,1.3403260503122751,Medium
ratnagiri,0.5406533885278832,maharashtra,0.14630211937227022,0.13010341595289746,0.04481677846451272,maharashtra,0.14198623664775512,0.2991830160087036,0.11283539919278239,0.364946951644996,Low
rayagada,0.12270838246895303,odisha,0.10246945696446741,0.07522074408758757,0.08767099212044874,orissa,0.0831968426084345,0.1023904133031977,0.08453908746203877,0.7521912677193926,Low
rewa,0.13966173006178212,madhyapradesh,0.21082890242668634,0.1207577152604815,0.13160901022291221,madhya pradesh,0.21012140725071438,0.1553406773308632,0.1865676881423737,1.128383475586187,Medium
rewari,0.044907109958061894,haryana,0.1366919280226329,0.021175481750722393,0.2671138580509095,haryana,0.07705780320880837,0.06532306691523135,0.1340746196614387,1.7799941658287282,High
rohtak,0.06350382376781417,haryana,0.11920966846327033,0.04776453953901691,0.16599783239110694,haryana,0.09167180380509797,0.07549379190781183,0.11396961238090067,1.3330747161594423,Medium
sabarkantha,0.10592121493072214,gujarat,0.30375542423932794,0.09364878558593243,0.20492691642988953,gujarat,0.21588835612841994,0.16158974891986697,0.21259992421886081,1.2390013130571438,Medium
sagar,0.15958571556372447,madhyapradesh,0.3705286721982912,0.1551233618417289,0.17053809426169483,madhya pradesh,0.21133433514345928,0.22152989643749582,0.19909546287892993,0.8599125466834822,Medium
saharanpur,0.12766667479945892,uttarpradesh,0.43184895308175275,0.02645682925744089,0.3512112246990245,uttar pradesh,0.31016397600524853,0.18855840462154166,0.3224781506133813,1.6240972082145524,High
saharsa,0.16297790320350683,bihar,0.18008742514466108,0.11307718604974243,0.11927707314215412,bihar,0.1679301029408051,0.1531405446397238,0.1533341940012098,0.9398901685649624,Medium
salem,0.12081425515822343,tamilnadu,0.1758203610693937,0.01568154708667442,0.4266967397990567,tamil nadu,0.3115878399800001,0.1057762745101098,0.3461205099257171,2.9895633746229517,High
samastipur,0.14665755793936733,bihar,0.45163461153557455,0.2514314731597647,0.1381411289141451,bihar,0.3824004090088784,0.26958284858434867,0.3091226249804584,1.1056566114326492,Medium
sambalpur,0.21753565551660847,odisha,0.2171544737114405,0.16809980450607592,0.07721374381206243,orissa,0.08984541710021209,0.20259054567189833,0.08605591511376717,0.40479652960005846,Low
sangrur,0.0471241091203843,punjab,0.5167005231489179,0.0,0.7613286856674184,punjab,0.1456290173921433,0.1738598005928291,0.3303389178747258,1.7966891991049492,High
saran,0.14807971220759222,bihar,0.2932363031404437,0.11258493271213543,0.18629719675444503,bihar,0.35426615046374144,0.18097825563881062,0.3038754643509525,1.5911521619804703,High
satna,0.13938196200901656,madhyapradesh,0.21937479142036784,0.0698790897773839,0.19936143413691085,madhya pradesh,0.19775130508752034,0.14252894916293213,0.1982343438023375,1.299650622981626,Medium
sawai madhopur,0.0843172656468145,rajasthan,0.1602588593945885,0.0,0.3938603942704824,rajasthan,0.11659414716870545,0.08180456407710235,0.19977402129923855,2.1760794063730615,High
sehore,0.14703112419587017,madhyapradesh,0.2532748283537313,0.09904874151732221,0.18111251061835437,madhya pradesh,0.11439403477847261,0.1645095206396641,0.13440957753043714,0.7702134361366604,Low
shahdol,0.13994719106910977,madhyapradesh,0.18811741953865918,0.17990730155732293,0.026187058789068213,madhya pradesh,0.09211320708781573,0.16638629275643854,0.07233536259819147,0.4100962805430415,Low
shajapur,0.12447075854553143,madhyapradesh,0.19865409198756057,0.013460523938244623,0.30003807961568874,madhya pradesh,0.13268506370869237,0.11342268819595414,0.18289096848079128,1.4818261630343144,Medium
sheopur,0.08702385890147661,madhyapradesh,0.17226883820025438,0.11641214471574687,0.10507044728902426,madhya pradesh,0.05775642496589322,0.12141383843539102,0.07195063166283253,0.5475118337571937,Low
shivpuri,0.11179471748035251,madhyapradesh,0.26264919142045423,0.08218334236800376,0.2024370954040833,madhya pradesh,0.15206801843810283,0.14816764712867841,0.16717874152789697,1.056971792669379,Medium
sidhi,0.1507320868473773,madhyapradesh,0.11449910910714017,0.084373417608497,0.08567913529980373,madhya pradesh,0.09765186898271215,0.11995459275364206,0.09406004887783961,0.723791648180926,Low
sikar,0.04438335813834962,rajasthan,0.09879342021467388,0.001296596274931226,0.5199039222004159,rajasthan,0.23848486120278628,0.04778034820222138,0.32291057950207513,5.588588327158277,High
simdega,0.1834991067483199,jharkhand,0.10633154521761859,0.10311143002337513,0.026450686897682995,jharkhand,0.04973658425624682,0.13623253527162607,0.04275081504867767,0.29234817661656676,Low
sindhudurg,0.4938342591161823,maharashtra,0.08278788377078815,0.05297105212898906,0.11546911157327394,maharashtra,0.07245381889692966,0.2382613844164061,0.08535840669983294,0.34382474302432076,Low
sirohi,0.10748325322532983,rajasthan,0.11234881696887539,0.006121594557284502,0.3051055977035062,rajasthan,0.08941364311322762,0.0785344247479799,0.1541212294903112,1.7408056801524292,High
sirsa,0.01214740957012771,haryana,0.2330578310868864,0.0,0.5785465303611704,haryana,0.11292756571222178,0.074776313154117,0.25261325510690635,2.979762220228596,High
sitamarhi,0.1602124827517031,bihar,0.23377524251883597,0.13390376608042703,0.13418670728492338,bihar,0.30627519400759845,0.17438869568046014,0.2546486479907959,1.3810426233075266,Medium
sitapur,0.1173388419446048,uttarpradesh,0.7066946064018046,0.2914620245712769,0.17516623216848765,uttar pradesh,0.40260612346901015,0.3463825260697664,0.3343741560788534,0.9382450923348453,Medium
siwan,0.13755154157076746,bihar,0.3160134956933915,0.14427812529226478,0.1661442924514485,bihar,0.29781685697243676,0.19310810292400388,0.25831508761614025,1.2718108430799184,Medium
sonbhadra,0.10221103511468592,uttarpradesh,0.08190578456890342,0.03579242837110491,0.1633908433170274,uttar pradesh,0.1644688253367483,0.07619387792787688,0.16414543073083204,1.9043745875801237,High
sonitpur,0.26440222621632675,assam,0.6736563479474578,0.6524600257450273,0.022554849292597903,assam,0.1700602666733527,0.5035958025942762,0.12580864145912624,0.24495652188674708,Low
south andaman,0.46105558221304105,a&n island,0.026283506309440586,0.02720480008862149,0.01810246345821494,andaman and nicobar islands,0.0169028660236114,0.20046872480463504,0.017262745253992462,0.08202047724675668,Low
south goa,0.4983325064994564,goa,0.0215318379511187,0.008567235956838185,0.11461964322329299,goa,0.053457398633039714,0.20836272477216963,0.07180607201011568,0.3288385052212326,Low
south tripura,0.3422848266495335,tripura,0.06356922743381027,0.06327541912850086,0.01669644687893611,tripura,0.07484751646836676,0.17496732462850675,0.057402195591537565,0.31033695117137927,Low
srinagar,0.0963437677057664,j&k,0.04251300229545044,0.03149044216615379,0.09352939453411054,jammu and kashmir,0.10762600251415462,0.060738540420787836,0.10339702012014139,1.4616787327683716,Medium
sultanpur,0.10514399108645968,uttarpradesh,0.4007842144596582,0.21136929283500694,0.14411669937608013,uttar pradesh,0.34020874132931883,0.2257036486229834,0.2813811287433472,1.1937919942572743,Medium
sundargarh,0.1936697056200305,odisha,0.2919073638307462,0.1976104885713689,0.10272708632355954,orissa,0.18544233986799147,0.22432323796864673,0.1606277638046619,0.6854965183869406,Low
supaul,0.17182773661681264,bihar,0.30667578185959365,0.209718346797565,0.10316646650458419,bihar,0.19776411386769385,0.22364933324387265,0.16938481965876095,0.7249531479808021,Low
surat,0.18694171769993786,gujarat,0.43033489738160835,0.32553063933686427,0.07985002489821025,gujarat,0.5477114343526398,0.30153634809551694,0.40735301151631087,1.307561746828388,Medium
surendranagar,0.055262594306503224,gujarat,0.2435738231541078,0.10202988009161186,0.1698350859720554,gujarat,0.15481309446139263,0.12578614869631718,0.15931969191459147,1.1733132830131778,Medium
surguja,0.18497466635219867,chattisgarh,0.14786782207779284,0.10233201944709028,0.1000029292012068,chhattisgarh,0.20964720985705584,0.1490498189983444,0.17675392566030113,1.111311705813013,Medium
tapi,0.20191256163978774,gujarat,0.1493919122587872,0.08944497764637906,0.12528193561615747,gujarat,0.06858129769113108,0.15241609162746497,0.085591489068639,0.5269889714189211,Low
thane,0.377788531136395,maharashtra,0.05836233891736008,0.04880027294692789,0.053457922024663866,maharashtra,1.0,0.1832641960138444,0.7160373766073991,3.7049665244570495,High
theni,0.08771704389267967,tamilnadu,0.13860009784877636,0.0383857722554805,0.2181376138726969,tamil nadu,0.10844994319623942,0.08818257858834892,0.14135624439917666,1.4397283757624904,Medium
thiruvallur,0.14670798125120296,tamilnadu,0.2927797882105928,0.10252947315310604,0.20393098801956702,tamil nadu,0.3339394339100555,0.17727597090959085,0.2949369001429089,1.5748784999507082,High
thrissur,0.4532378001339199,kerala,0.2108476406507825,0.0917210865575908,0.16866340548932304,kerala,0.2788068103466601,0.27206573821607993,0.245763788889459,0.8712996851152075,Medium
tikamgarh,0.1230364050889592,madhyapradesh,0.18293221844856208,0.0429165005770385,0.21342159992969917,madhya pradesh,0.12655183822347127,0.11696917774326386,0.15261276673533963,1.2019670399372675,Medium
tinsukia,0.2743727583991411,assam,0.6037926597161163,0.60641638662215,0.012947069334192563,assam,0.11590174630003397,0.47281181726113636,0.08501534321028154,0.17608380775050428,Low
tirunelveli,0.10067339519677286,tamilnadu,0.33512277978569305,0.15301981210912186,0.1890213538767978,tamil nadu,0.2748127419928318,0.1867121356471536,0.2490753255580216,1.266191964916658,Medium
tiruvannamalai,0.1377128419500267,tamilnadu,0.3635799560561671,0.0138244456087113,0.3246726617651366,tamil nadu,0.21918466391123465,0.1683064572794742,0.25083106326740523,1.406741332279724,Medium
tonk,0.05384423534131973,rajasthan,0.1486168475193019,0.010720045073471391,0.27678022203345143,rajasthan,0.12438615510760558,0.06933876191435988,0.1701043751853593,2.1440260861264004,High
udaipur,0.07866958362814705,rajasthan,0.13997079354652686,0.00741645048531465,0.29661091420369656,rajasthan,0.2740121478107796,0.07568400666081128,0.2807917777286547,3.2770617139811997,High
udalguri,0.20968100477937085,assam,0.22914280105663445,0.21654826254358814,0.03055156858724625,assam,0.07082019979153484,0.2175797209918151,0.05873961043024826,0.2581056439222932,Low
udhampur,0.24900793489428727,j&k,0.012352050301593698,0.008932860140577656,0.11341867072849232,jammu and kashmir,0.04568564855214455,0.10598864709036632,0.06600555520504889,0.5690691016822035,Low
udupi,0.6868368046801506,karnataka,0.11144103812782627,0.06812046923384481,0.12235273440932655,karnataka,0.10222378592295074,0.3286031740805616,0.10826247046886348,0.31973259188381176,Low
ujjain,0.11997440881377798,madhyapradesh,0.3224042731207297,0.03442262402544357,0.2878233105832039,madhya pradesh,0.17576099143228874,0.1550378326693632,0.20937968717756328,1.2686769075369195,Medium
umaria,0.15351268851134658,madhyapradesh,0.1596401743064852,0.1480053808499491,0.035208998506107377,madhya pradesh,0.05384084445653255,0.15369874195146893,0.048251290671404996,0.29475663707733224,Low
una,0.13074629212447508,himachal,0.02401420307034254,0.00972214529384471,0.4320571780075573,himachal pradesh,0.04261408489804847,0.062419421359046205,0.1594470128309011,2.201716194891744,High
unnao,0.08695364579521084,uttarpradesh,0.6339697244247429,0.2516642256409698,0.17997012214769031,uttar pradesh,0.2776410296660433,0.30047164333779813,0.2483397574105374,0.7998790315943275,Low
vaishali,0.1214063224326808,bihar,0.2499987681685695,0.10125924691708896,0.1821670230528135,bihar,0.31276561185907725,0.15393993349876986,0.2735860352171981,1.668818751956191,High
valsad,0.3023002247361586,gujarat,0.16299039613864544,0.09921316646584577,0.11491256334397608,gujarat,0.15021737680905853,0.1995811586758108,0.13962593276953378,0.6662141465947004,Low
varanasi,0.12641259823735282,uttarpradesh,0.1737940073576842,0.019666260484833407,0.2918949002606988,uttar pradesh,0.3292825793140562,0.10860311964769641,0.31806627559804895,2.6817698939357255,High
vellore,0.12213068312743812,tamilnadu,0.20136279039706656,0.020576991584893064,0.34476698204399653,tamil nadu,0.3528552769539885,0.11543420784556313,0.3504287884809909,2.7937258464010486,High
vidisha,0.142203498727218,madhyapradesh,0.3169779207973032,0.13223136837574787,0.17326225138404755,madhya pradesh,0.12779719685750662,0.1916441862428025,0.14143671321546888,0.7014172630058524,Low
visakhapatnam,0.15780517625116228,andhra pradesh,0.27790081106298997,0.2253403437533199,0.07176542956735697,andhra pradesh,0.3850369283491372,0.21409441694535786,0.29105547871460313,1.2988073629053094,Medium
vizianagaram,0.14804501229407085,andhra pradesh,0.3587844812545648,0.2935417012844365,0.06145464131931222,andhra pradesh,0.20824714659439975,0.2549158596793287,0.16420939501187348,0.6198549049145006,Low
wardha,0.13148122544913346,maharashtra,0.2828503636995786,0.13414964683064667,0.16046164211019653,maharashtra,0.11343492058647135,0.17769249333872095,0.1275429370435889,0.6795313695013758,Low
washim,0.11670746617436163,maharashtra,0.18873200451630764,0.07917076404860984,0.17419959577023345,maharashtra,0.10402237484958768,0.1270538170392199,0.1250755411257814,0.9126016613604366,Medium
wayanad,0.4325704774220132,kerala,0.08178332074347662,0.06573468063423689,0.0715310934708105,kerala,0.06952587709711981,0.21728359138211933,0.07012744200922702,0.3085459956998199,Low
west delhi,0.07127362237276921,delhi,0.0071062467017039095,3.026690262743955e-05,0.26345235654237087,delhi,0.2263038021001676,0.030650403030407093,0.23744836843282857,5.841230362592315,High
west garo hills,0.47757003011844046,meghalaya,0.10409212962578328,0.10834934452482324,0.003866545593016784,meghalaya,0.05370757863728024,0.2547604542925581,0.0387552687240012,0.14637861544525432,Low
west godavari,0.1506648557649298,andhra pradesh,0.6549038813623689,0.42843194138874835,0.12100530185418434,andhra pradesh,0.3529129618859757,0.38526668913130707,0.2833406638764383,0.7168341569565274,Low
west kameng,0.3125835983268134,arunachal pradesh,0.011302997479259287,0.01337691161973632,0.0007030082896394153,arunachal pradesh,0.002895420216106832,0.13243741206042406,0.0022376966381666068,0.015710034363846364,Low
west tripura,0.33504962358726614,tripura,0.059494472925226326,0.05181493211587744,0.047775271683411925,tripura,0.152039766447791,0.1674126709472376,0.12076041801847727,0.6806752718039588,Low
yadgir,0.10025347202455016,karnataka,0.1471690050064147,0.10056023280090824,0.09915346085122584,karnataka,0.10194308286808393,0.11442016015201693,0.1011061962630265,0.8126190815017007,Medium
yamunanagar,0.1248508310358195,haryana,0.17140259995197119,0.0061895815873113874,0.45965025337590426,haryana,0.1055707837719841,0.10321798687611257,0.21179462465316012,1.8706800085123743,High
